use music_rd;

INSERT INTO User (user_id, username, firstName, lastName, email, password, registrationDate, subscriptionID) VALUES
(1, 'FromBelow', 'Johnny', 'Depp', 'johnny.depp@gmail.com', 'titanic2022', '2023-08-01', '4'),
(2, 'MaterialGirl', 'Jane', 'Smith', 'jane.smith@mail.ru', 'beautyGirl', '2023-02-15', '3'),
(3, 'Mikeyy', 'Mike', 'Johnson', 'mike.johnson@gmail.com', 'nike888', '2023-03-01', '3'),
(4, 'EmilyInParis', 'Lily', 'Collins', 'lil.collins@yahoo.com', 'iloveacting', '2023-04-10', '4'),
(5, 'BroDany', 'Daniel', 'Brown', 'daniel.brown@mail.ru', 'dandan789', '2023-06-01', '2'),
(6, 'OliveOil', 'Olivia', 'Jones', 'oliv.jones@mail.ru', '1234jones', '2023-11-15', '1'),
(7, 'TaylorFan', 'Alen', 'Taylor', 'alen.taylor@gmail.com', 'taylorismywife', '2023-09-01', '3'),
(8, 'Marish', 'Mariam', 'Davtyan', 'mar.davtyan@gmail.com', 'marishok.23', '2023-11-10', '1'),
(9, 'YourGeorge', 'George', 'Miller', 'george.miller@outlook.com', '1985.m', '2023-12-01', '2'),
(10, 'LovingMother', 'Eva', 'Khachatryan', 'eva.khachatryan1@mail.ru', 'evul.mamul', '2023-12-05', '1');

INSERT INTO Subscription(subscriptionID, subscriptionType, Price, duration) VALUES
(1, 'Free', '0', '1'),
(2, 'Regular', '10', '3'),
(3, 'Premium', '15', '6'),
(4, 'Premium+', '25', '12');

INSERT INTO Playlist (playlist_id, user_id, playlistTitle, description, creationDate) VALUES
(1, 1, 'My Favorites', 'A collection of my favorite songs', '2023-08-05'),
(2, 2, 'Chill Vibes', 'Relaxing music for a laid-back day', '2023-02-15'),
(3, 3, 'Workout Mix', 'Energetic tunes for a great workout', '2023-03-11'),
(4, 4, 'Road Trip Jams', 'Songs to accompany a road trip adventure', '2023-05-10'),
(5, 5, 'Throwback Hits', 'Nostalgic hits from the past', '2023-11-17'),
(6, 6, 'Study Session', 'Focus-inducing background music for studying', '2023-07-16'),
(7, 7, 'Party Anthems', 'Get the party started with these upbeat tracks', '2023-10-01'),
(8, 8, 'Acoustic Favorites', 'Unplugged and acoustic versions of popular songs', '2023-11-11'),
(9, 9, 'Sleepytime Tunes', 'Gentle melodies to help you drift off to sleep', '2023-12-08'),
(10, 10, 'New Discoveries', 'Exploring new and emerging artists', '2023-12-05'),
(11, 2, 'My Favorites', 'A collection of my favorite songs', '2023-02-19'),
(12, 4, 'My Favorites', 'A collection of my favorite songs', '2023-05-14'),
(13, 7, 'My Favorites', 'A collection of my favorite songs', '2023-10-04');

INSERT INTO PlaylistSongs(playlist_id, song_id) VALUES
(1, 183),
(1, 191),
(2, 120),
(2, 187),
(3, 107),
(3, 171),
(4, 200),
(4, 134),
(5, 128),
(5, 189),
(6, 101),
(6, 132),
(7, 110),
(7, 176),
(7, 200),
(8, 197),
(8, 198),
(8, 199),
(8, 196),
(9, 129),
(9, 167),
(10, 195),
(10, 188),
(10, 175),
(11, 178),
(11, 141),
(12, 168),
(12, 202),
(12, 175),
(12, 179),
(13, 101),
(13, 102),
(13, 103),
(13, 104),
(13, 105),
(13, 106);

INSERT INTO Song (song_id, album_id, songTitle, artist_id, duration, releaseDate) VALUES 
(101, 1, 'Welcome to New York', '1', '3.5', '2014-10-27'),
(102, 1, 'Blank Space', '1', '3.83', '2014-10-27'),
(103, 1, 'Style', '1', '3.67', '2014-10-27'),
(104, 12, 'Midnight Sky', '1', '3.33', '2022-10-21'),
(105, 12, 'Starry Nights', '1', '3.58', '2022-10-21'),
(106, 12, 'Moonlit Dreams', '1', '4.0', '2022-10-21'),
(107, 2, 'Believer', '2', '3.33', '2017-06-23'),
(108, 2, 'Thunder', '2', '3.83', '2017-06-23'),
(109, 2, 'Whatever It Takes', '2', '3.67', '2017-06-23'),
(110, 21, 'Radioactive', '2', '3.5', '2012-09-04'),
(111, 21, 'Demons', '2', '3.17', '2012-09-04'),
(112, 21, "It's Time", '2', '3.42', '2012-09-04'),
(113, 3, 'HUMBLE.', '3', '3.0', '2017-04-14'),
(114, 3, 'DNA.', '3', '3.67', '2017-04-14'),
(115, 3, 'LOYALTY. (feat. Rihanna)', '3', '3.5', '2017-04-14'),
(116, 31, 'Average Joe', '3', '3.25', '2010-09-14'),
(117, 31, 'P&P 1.5', '3', '3.33', '2010-09-14'),
(118, 31, 'Opposites Attract (Tomorrow w/o Her)', '3', '3.67', '2010-09-14'),
(119, 4, 'Summer', '4', '3.67', '2014-10-31'),
(120, 4, 'Blame (feat. John Newman)', '4', '3.33', '2014-10-31'),
(121, 4, 'Outside (feat. Ellie Goulding)', '4', '3.83', '2014-10-31'),
(122, 41, "I'm Not Alone", '4', '3.5', '2009-08-14'),
(123, 41, 'Ready for the Weekend', '4', '3.83', '2009-08-14'),
(124, 41, 'You Used to Hold Me', '4', '3.17', '2009-08-14'),
(125, 5, 'Rolling in the Deep', '5', '3.67', '2011-01-19'),
(126, 5, 'Someone Like You', '5', '4.17', '2011-01-19'),
(127, 5, 'Set Fire to the Rain', '5', '3.5', '2011-01-19'),
(128, 51, 'Easy On Me', '5', '4.0', '2021-11-19'),
(129, 51, 'Strangers By Nature', '5', '3.83', '2021-11-19'),
(130, 51, 'Oh My God', '5', '3.33', '2021-11-19'),
(131, 6, 'Adventure of a Lifetime', '6', '3.83', '2015-12-04'),
(132, 6, "Hymn for the Weekend", '6', '3.67', '2015-12-04'),
(133, 6, "A Head Full of Dreams", '6', '4.0', '2015-12-04'),
(134, 7, "God's Plan", '7', '3.33', '2018-06-29'),
(135, 7, 'Nice for What', '7', '3.5', '2018-06-29'),
(136, 7, 'In My Feelings', '7', '3.83', '2018-06-29'),
(137, 8, 'Shape of You', '8', '3.83', '2017-03-03'),
(138, 8, 'Castle on the Hill', '8', '4.0', '2017-03-03'),
(139, 8, 'Galway Girl', '8', '3.33', '2017-03-03'),
(140, 81, 'Autumn Leaves', '8', '3.67', '2023-09-29'),
(141, 81, 'Golden Harvest', '8', '3.5', '2023-09-29'),
(142, 81, 'Misty Mornings', '8', '4.0', '2023-09-29'),
(167, 15, 'The Real Slim Shady', '15', '4.67', '2000-05-23'),
(168, 15, 'Stan', '15', '6.0', '2000-05-23'),
(169, 15, 'The Way I Am', '15', '3.83', '2000-05-23'),
(170, 151, 'My Name Is', '15', '4.0', '1999-02-23'),
(171, 151, 'Guilty Conscience (feat. Dr. Dre)', '15', '3.83', '1999-02-23'),
(172, 151, 'Role Model', '15', '3.67', '1999-02-23'),
(173, 16, 'Blackstar', '16', '6.0', '2016-01-08'),
(174, 16, 'Lazarus', '16', '4.5', '2016-01-08'),
(175, 16, 'Dollar Days', '16', '4.0', '2016-01-08'),
(176, 17, 'Just Dance', '17', '4.0', '2008-08-19'),
(177, 17, 'Poker Face', '17', '3.83', '2008-08-19'),
(178, 17, 'Beautiful, Dirty, Rich', '17', '3.5', '2008-08-19'),
(179, 171, 'Born This Way', '17', '4.67', '2011-05-23'),
(180, 171, 'Judas', '17', '3.67', '2011-05-23'),
(181, 171, 'The Edge of Glory', '17', '4.17', '2011-05-23'),
(182, 18, 'Alive', '18', '3.83', '2016-01-29'),
(183, 18, 'Cheap Thrills', '18', '3.67', '2016-01-29'),
(184, 18, 'Bird Set Free', '18', '4.33', '2016-01-29'),
(185, 19, 'Three Little Birds', '19', '3.0', '1984-05-08'),
(186, 19, 'Buffalo Soldier', '19', '4.0', '1984-05-08'),
(187, 19, 'One Love', '19', '3.5', '1984-05-08'),
(188, 191, 'Jamming', '19', '3.67', '1977-06-03'),
(189, 191, 'One Exodus', '19', '3.33', '1977-06-03'),
(190, 191, 'Three Little Birds', '19', '3.0', '1977-06-03'),
(191, 20, 'Do I Wanna Know?', '20', '4.5', '2013-09-09'),
(192, 20, 'R U Mine?', '20', '3.5', '2013-09-09'),
(193, 20, 'Arabella', '20', '3.83', '2013-09-09'),
(194, 201, 'I Bet You Look Good On The Dancefloor', '20', '3.33', '2006-01-23'),
(195, 201, 'Fake Tales of San Francisco', '20', '3.17', '2006-01-23'),
(196, 201, 'When The Sun Goes Down', '20', '3.67', '2006-01-23'),
(197, 30, 'Sirum em qez', '21', '2.82', '2022-11-19'),
(198, 30, 'Harsik', '21', '4.08', '2022-11-19'),
(199, 30, 'Ни туда, ни сюда', '21', '4.7', '2022-11-19'),
(200, 40, 'Qamin Zana', '22', '3.34', '2021-07-10'),
(201, 40, 'Kaqavik', '22', '3.34', '2021-07-10'),
(202, 40, 'Mayro', '22', '3.34', '2021-07-10');

INSERT INTO SongGenre(song_id, genre_id) VALUES
(101, 1),
(102, 1),
(103, 1),
(104, 1),
(105, 1),
(106, 1),
(107, 1),
(107, 2),
(108, 1),
(108, 2),
(109, 1),
(109, 2),
(110, 15),
(111, 15),
(112, 15),
(113, 3),
(114, 3),
(115, 3),
(116, 3),
(117, 3),
(118, 3),
(119, 4),
(120, 4),
(121, 4),
(122, 4),
(123, 4),
(124, 4),
(125, 14),
(126, 14),
(127, 14),
(128, 14),
(129, 14),
(130, 14),
(131, 1),
(131, 2),
(132, 1),
(132, 2),
(133, 1),
(133, 2),
(134, 3),
(135, 3),
(136, 3),
(137, 1),
(138, 1),
(139, 1),
(140, 21),
(141, 21),
(142, 21),
(167, 18),
(168, 18),
(169, 18),
(170, 18),
(171, 18),
(172, 18),
(173, 7),
(174, 7),
(175, 7),
(176, 1),
(177, 1),
(178, 1),
(179, 1),
(180, 1),
(181, 1),
(182, 1),
(183, 1),
(184, 1),
(185, 9),
(186, 9),
(187, 9),
(188, 9),
(189, 9),
(190, 9),
(191, 10),
(192, 10),
(193, 10),
(194, 10),
(195, 10),
(196, 10),
(197, 22),
(197, 1),
(198, 22),
(198, 1),
(199, 22),
(199, 1),
(200, 1),
(201, 1),
(202, 1);

INSERT INTO Album (album_id, albumTitle, artist_id, releaseDate) VALUES
(1, '1989', 1, '2014-10-27'),
(12, 'Midnights', 1, '2022-10-21'),
(2, 'Evolve', 2, '2017-06-23'),
(21, 'Night Visions', 2, '2012-09-04'),
(3, 'DAMN.', 3, '2017-04-14'),
(31, 'Overly Dedicated', 3, '2010-09-14'),
(4, 'Motion', 4, '2014-10-31'),
(41, 'Ready for the Weekend', 4, '2009-08-14'),
(5, '21', 5, '2011-01-19'),
(51, '30', 5, '2021-11-19'),
(6, 'A Head Full of Dreams', 6, '2015-12-04'),
(7, 'Scorpion', 7, '2018-06-29'),
(8, 'Divide', 8, '2017-03-03'),
(81, 'Autumn Variations', 8, '2023-09-29'),
(9, 'Lemonade', 9, '2016-04-23'),
(10, '24K Magic', 10, '2016-11-18'),
(101, 'Unorthodox Jukebox', 10, '2012-12-07'),
(11, 'Starboy', 11, '2016-11-25'),
(112, 'Beauty Behind the Madness', 11, '2015-08-28'),
(120, 'A Night at the Opera', 12, '1975-11-21'),
(13, 'Thriller', 13, '1982-11-30'),
(14, 'The 20/20 Experience', 14, '2013-03-15'),
(15, 'The Marshall Mathers LP', 15, '2000-05-23'),
(151, 'The Slim Shady LP', 15, '1999-02-23'),
(16, 'Blackstar', 16, '2016-01-08'),
(17, 'The Fame', 17, '2008-08-19'),
(171, 'Born This Way', 17, '2011-05-23'),
(18, 'This Is Acting', 18, '2016-01-29'),
(19, 'Legend', 19, '1984-05-08'),
(191, 'Exodus', 19, '1977-06-03'),
(20, 'AM', 20, '2013-09-09'),
(201, "Whatever People Say I Am, That's What I'm Not", 20, '2006-01-23'),
(30, "Sirum em qez", 21, "2022-11-19"),
(40, 'Zngl', 22, '2021-07-10');

INSERT INTO Artist (artist_id, artistName, nationality, dateOfBirth) VALUES
(1, 'Taylor Swift', 'American', '1989-12-13'),
(2, 'Imagine Dragons', 'American', null),
(3, 'Kendrick Lamar', 'American', '1987-06-17'),
(4, 'Calvin Harris', 'Scottish', '1984-01-17'),
(5, 'Adele', 'English', '1988-05-05'),
(6, 'Coldplay', 'British', null),
(7, 'Drake', 'Canadian', '1986-10-24'),
(8, 'Ed Sheeran', 'English', '1991-02-17'),
(9, 'Beyoncé', 'American', '1981-09-04'),
(10, 'Bruno Mars', 'American', '1985-10-08'),
(11, 'The Weeknd', 'Canadian', '1990-02-16'),
(12, 'Queen', 'British', null),
(13, 'Michael Jackson', 'American', '1958-08-29'),
(14, 'Justin Timberlake', 'American', '1981-01-31'),
(15, 'Eminem', 'American', '1972-10-17'),
(16, 'David Bowie', 'English', '1947-01-08'),
(17, 'Lady Gaga', 'American', '1986-04-28'), 
(18, 'Sia', 'Australian', '1975-12-18'),
(19, 'Bob Marley', 'Jamaican', '1945-02-06'),
(20, 'Arctic Monkeys', 'English', null),
(21, 'Arkadi Dumikyan', 'Armenian', '1989-05-27'),
(22, 'Garik & Sona', 'Armenian', null);
  
INSERT INTO Genre (genre_id, genreName) VALUES
(1, 'Pop'),
(2, 'Rock'),
(3, 'Hip Hop'),
(4, 'Electronic'),
(5, 'R&B'),
(6, 'Country'),
(7, 'Jazz'),
(8, 'Blues'),
(9, 'Reggae'),
(10, 'Indie Rock'),
(11, 'Classical'),
(12, 'Metal'),
(13, 'Funk'),
(14, 'Soul'),
(15, 'Alternative'),
(16, 'Disco'),
(17, 'EDM'),
(18, 'Rap'),
(19, 'Latin'),
(20, 'Punk'),
(21, 'Instrumental'),
(22, 'Estrada');

INSERT INTO Award (award_id, artist_id, awardName, Year) VALUES
-- Awards for Taylor Swift (ArtistID: 1)
(1, 1, 'Grammy Award - Album of the Year (1989)',  '2015'),

-- Awards for Imagine Dragons (ArtistID: 2)
(2, 2, 'MTV Europe Music Award - Best Song (Radioactive)', '2014'),
(3, 2, 'Billboard Music Award - Top Rock Album (Night Visions)', '2013'),

-- Awards for Kendrick Lamar (ArtistID: 3)
(4, 3, 'Brit Award - British Male Solo Artist (DAMN.)',  '2017'),
(5, 3, 'Grammy Award - Best Rap Album (DAMN.)', '2018'),

-- Awards for Calvin Harris (ArtistID: 4)
(6, 4, 'Grammy Award - Best Dance/Electronic Album (Motion)',  '2015'),
(7, 4, 'MTV Europe Music Award - Best Electronic (Summer)', '2014'),

-- Awards for Adele (ArtistID: 5)
(8, 5, 'Grammy Award - Record of the Year (Rolling in the Deep)', '2012'),
(9, 5, 'Brit Award - British Album of the Year (21)', '2012'),

-- Awards for Coldplay (ArtistID: 6)
(10, 6, 'iHeartRadio Music Award - Best Tour Photography (A Head Full of Dreams Tour)', '2016'),
(11, 6, 'Brit Award - British Group of the Year (A Head Full of Dreams)', '2016'),

-- Awards for Drake (ArtistID: 7)
(12, 7, 'Juno Award - Rap Recording of the Year (Scorpion)', '2019'),
(13, 7, 'Billboard Music Award - Top Billboard 200 Album (Scorpion)', '2019'),

-- Awards for Ed Sheeran (ArtistID: 8)
(14, 8, 'Grammy Award - Song of the Year (Shape of You)', '2018'),
(15, 8, 'Brit Award - Global Success (Divide)', '2018'),

-- Awards for Beyoncé (ArtistID: 9)
(16, 9, 'NAACP Image Award - Outstanding Album (Lemonade)',  '2017'),
(17, 9, 'Grammy Award - Best Urban Contemporary Album (Lemonade)',  '2017'),

-- Awards for Bruno Mars (ArtistID: 10)
(18, 10, 'Billboard Music Award - Top R&B Album (24K Magic)',  '2017'),
(19, 10, 'Grammy Award - Album of the Year (24K Magic)', '2018');